sample_id,prediction
PPL_5FEAF95109D8,
PPL_29B5E6EF572A,
PPL_D36DEDCF5667,
PPL_849A7D2942BA,
PPL_089E587D797D,
PPL_368FD25B4F62,
PPL_C2A04FE8CB38,
PPL_9F5F72346396,
PPL_36FFD3CD9850,
PPL_A60F4FDD288C,
PPL_E1C77B1243B3,
PPL_44E56A2A42E6,
PPL_66661EC0BC5E,
PPL_FCEA33A32C32,
PPL_7ABDA78ADC40,
PPL_79DF2457AF81,
PPL_8B0C78A34E13,
PPL_0DFB37C377C2,
PPL_59C6EB6E49D6,
PPL_D6E8F6C4B5EE,
PPL_DC0032BAE3C2,
PPL_3406AECE7CED,
PPL_607523DF9E43,
PPL_26BE3377B918,
PPL_E2C2AD6F0B14,
PPL_3FE819E041B7,
PPL_DDA836E4982A,
PPL_CA602A794682,
PPL_3DB73B9CA73C,
PPL_D6B4E25D73D2,
PPL_D67C7E0D0D4D,
PPL_F3F94D5143B4,
PPL_E7D1BE9EF8D2,
PPL_C22C53901751,
PPL_F881AE459C9B,
PPL_8F4E527DFEF2,
PPL_1251D8928158,
PPL_5E3D46DAAC3E,
PPL_5A74FADB7158,
PPL_D4E77D1C9F54,
PPL_B6492BEBD736,
PPL_3D69BB78E9AD,
PPL_5A30B69C2F64,
PPL_C6AA8EA584A8,
PPL_6F6CB71918E0,
PPL_511A80A9343F,
PPL_F7095E2A981E,
PPL_76B7BF8CBAB1,
PPL_150113FB211D,
PPL_28BFE95B3EB7,
PPL_718DD7DF6F93,
PPL_24747B9A5B3A,
PPL_BAFC4E4D61D4,
PPL_9083B5B0F913,
PPL_7301D56E7870,
PPL_D8F1DC3E0440,
PPL_576BE25680BA,
PPL_5FF67B0ED69E,
PPL_ECE3ECD62516,
PPL_44708864BC38,
PPL_A120D03835A5,
PPL_CDFCF80CAE68,
PPL_2755028E567D,
PPL_1127FBCF51A0,
PPL_5D268CB45321,
PPL_5BF64BAC9579,
PPL_2281B91666A8,
PPL_976BCF6DF412,
PPL_74A5242E42C3,
PPL_FB48EEFAD319,
PPL_32A541E33172,
PPL_6EF666F4CE63,
PPL_7087C9786251,
PPL_FF1EEED9C2F6,
PPL_0D8B6AC36069,
PPL_EA9867EB37E9,
PPL_924692AFFC6B,
PPL_0EC900570CE1,
PPL_39F343A70422,
PPL_CD11E6A3F962,
PPL_6AF26476A1DC,
PPL_0758B3ABCA2D,
PPL_2E68D9144F69,
PPL_0B1D3B4F4CCC,
PPL_DA48A1DBC695,
PPL_49052E25A421,
PPL_50CBB346AEA7,
PPL_79C8CE10AC7D,
PPL_4BAC5E8264ED,
PPL_654EA2114CB8,
PPL_FE10B50D7274,
PPL_28C0454069AB,
PPL_8BC6CE00E1B4,
PPL_69BE16AB4D9A,
PPL_9D64366484C7,
PPL_5C2259B3204C,
PPL_DC34FE7A6F33,
PPL_07F4D068479A,
PPL_78FB91A442AB,
PPL_9905816EDA36,
PPL_0A8DFA73924D,
PPL_FB2796D4EC9F,
PPL_743556CE7CD5,
PPL_BE8F15F87619,
PPL_0408BED17E31,
PPL_6869DC012222,
PPL_59FC5D9AF6AC,
PPL_24C04877411D,
PPL_D5897FA5F4B6,
PPL_CE928BF3EBDB,
PPL_EEE61986AC19,
PPL_BFADE5F60956,
PPL_BEF77B95DEED,
PPL_B83649D2CF83,
PPL_665BF0D7E0B8,
PPL_3B173037BCA6,
PPL_32C26BC1F712,
PPL_76805F047A66,
PPL_D6C90A91F701,
PPL_2DEC0FD34648,
PPL_C146C58FBF5F,
PPL_51C1BB1F3874,
PPL_D88737DBB721,
PPL_E1024D958C52,
PPL_212B187250D9,
PPL_4998A9511E3C,
PPL_EE5FE2EC890E,
PPL_EB5014A78635,
PPL_9746BD3E198D,
PPL_C9EB61459D3A,
PPL_C262C34EDD3E,
PPL_5D8A305EBD75,
PPL_8E96ED87F76E,
PPL_B3ABB29D13DC,
PPL_39FDC0FAD42C,
PPL_34748B8471D8,
PPL_721ECBA77E5D,
PPL_7453A6FB8D49,
PPL_3CC47569F15D,
PPL_5F5DDB5B4E44,
PPL_ECBB708196CC,
PPL_5BF565BD2E3B,
PPL_7CD49795E4E3,
PPL_C21B37104F58,
PPL_0D5EAEDD29C6,
PPL_0F060D941A4E,
PPL_E618EA03C3E9,
PPL_CFC156431828,
PPL_35FF87B5BC83,
PPL_1ACBDFF850DB,
PPL_66DDC608E5EA,
PPL_E87941D102D0,
PPL_B06A3C9E9944,
PPL_977F9282E482,
PPL_15F0D742977A,
PPL_8BC34C740B2B,
PPL_9A42C8C1EBFA,
PPL_B6B0E1AECFD1,
PPL_12185A1B3685,
PPL_6CE30149B537,
PPL_07DC7BA4246C,
PPL_759EB9440500,
PPL_E57C0A021B6C,
PPL_CE6F4AA152D6,
PPL_73FE33261785,
PPL_46E0181FC866,
PPL_6B01B6FB0438,
PPL_7E27D84A3806,
PPL_910A0BF69513,
PPL_E2881D0C7424,
PPL_F2F2469B8BFC,
PPL_A5A366234E92,
PPL_836E21DBBF5E,
PPL_00F3A9AD5292,
PPL_C6CC0A27870C,
PPL_1414F9700C64,
PPL_F95C2D40947C,
PPL_7E72D77A7946,
PPL_A1D6A2D73BF8,
PPL_DFA89A304A62,
PPL_F89193EB18AD,
PPL_6BAE5B4A7005,
PPL_C8FC5AF4852E,
PPL_B01747E24489,
PPL_6D94DECAA14D,
PPL_E22F03361D7A,
PPL_F92BF3144194,
PPL_9F5E22A32E56,
PPL_DE694C4636B3,
PPL_0A111FF8E5C5,
PPL_4E304F78D6D3,
PPL_134D1A375B4C,
PPL_580628285D64,
PPL_56A7ECFD8E5B,
PPL_64E3B300D63D,
PPL_391417911244,
PPL_17E8A53F95E3,
PPL_7075864B4B37,
PPL_8A811893AF4D,
PPL_A152DF72783D,
PPL_9F68C2CD6F47,
PPL_F2FED9803C46,
PPL_EFAEF9DFCCCF,
PPL_D3ED147ADB08,
PPL_D71BBCC862D5,
PPL_2BA49D2828E0,
PPL_6DE2753FCB3F,
PPL_55F5923F3633,
PPL_6533B32E33AC,
PPL_144BCAF5E8C3,
PPL_BF6FC8D9F015,
PPL_0EFFF5795D1B,
PPL_821E7B601370,
PPL_5FA255F0B92E,
PPL_47376C5D8396,
PPL_C759A9931582,
PPL_0C92019102F7,
PPL_8E4B54CBDC42,
PPL_B315B1CF1CF3,
PPL_42F7168ADA69,
PPL_FF4832722CE2,
PPL_EBCC013B80C2,
PPL_5812DD88855C,
PPL_F145AF0D7B97,
PPL_4C20CBBFFF7E,
PPL_F3E875CBD35C,
PPL_77C600A8A6A3,
PPL_CB8C737E4397,
PPL_EEF53802DAEB,
PPL_166014ACA398,
PPL_378712ADDD35,
PPL_34B6919EF0F3,
PPL_EC6EC8AC19DE,
PPL_F1B91B428900,
PPL_DE61E8E73095,
PPL_216E8386DEA9,
PPL_6FE473360DFD,
PPL_FB5BF5034A0F,
PPL_81EB65A9338C,
PPL_D571977A8F0F,
PPL_46B0463CD3A0,
PPL_03472F1124D7,
PPL_F41BD5F97836,
PPL_A66DA3EDDFF8,
PPL_A0B6F4FD99E0,
PPL_890E6F944F46,
PPL_67C1EF8987CE,
PPL_CE71FD3B8C00,
PPL_789991B399E4,
PPL_93A281917CB5,
PPL_434F7555A09A,
PPL_B141C69DFF92,
PPL_24C4CE715328,
PPL_BC8278A4E9C2,
PPL_4B656AEB4C05,
PPL_4D9117204937,
PPL_16B657B5797C,
PPL_878719B8BACB,
PPL_9E40841D4A9A,
PPL_779AECC38A8D,
PPL_B226D7E3FCC3,
PPL_83087EFAB502,
PPL_971384E01BD3,
PPL_0427DBF29774,
PPL_44C2CACB1722,
PPL_B43719AC2DBA,
PPL_6F0BCE812929,
PPL_16A507A1969A,
PPL_175EAFB1637B,
PPL_9D460431DCA2,
PPL_B4E2EA5A616B,
PPL_CF8890483274,
PPL_ED9A56AAB00B,
PPL_F3A08C5691D9,
PPL_99CB2BC25D7E,
PPL_18F50A1F4D61,
PPL_E3EACEE27414,
PPL_C705F9A0E99C,
PPL_8879DDA27B93,
PPL_41EF80B5446A,
PPL_7F3CB11EF65D,
PPL_1BF0B5F0C8DF,
PPL_074AE60A37A9,
PPL_CA8655F0A112,
PPL_E1AF4A8688B2,
PPL_C87D7836313C,
PPL_E04B7176B184,
PPL_19A110E24E77,
PPL_8DEB8D5F8E76,
PPL_7A24F29B0319,
PPL_E7C94B789E98,
PPL_E026310136D1,
PPL_056100818982,
PPL_88F3BCC0B810,
PPL_7C4576EEA74B,
PPL_42DFE399FC3C,
PPL_C5EF176B5A87,
PPL_A7CF91D61F2C,
PPL_BB196100C4BF,
PPL_927EEC5712E7,
PPL_6CAF9E585D5A,
PPL_06E580D76378,
PPL_BD7223FA56E2,
PPL_BC897238BB95,
PPL_3EF1FED080CC,
PPL_4099E97799D4,
PPL_978A9FB8C621,
PPL_4CDC5FD0D964,
PPL_1E77CD99ADFB,
PPL_91E31EE9C9F7,
PPL_7EBC60E291A0,
PPL_3F9414E1FB76,
PPL_31965605879A,
PPL_E339D8ED1507,
PPL_71F35AE41AED,
PPL_C88F73BE6ADC,
PPL_7B62AD05CB89,
PPL_5D1974F062AD,
PPL_3F55A1C5304E,
PPL_5F52A1D888F4,
PPL_72545A358836,
PPL_6B222C676B21,
PPL_A0FCD197B604,
PPL_2F66CBFDC6EE,
PPL_C6D5CB5C9D44,
PPL_E1B82CF7B85C,
PPL_06B1B191A879,
PPL_651E8E25A856,
PPL_276120364836,
PPL_F45481C5ECB8,
PPL_B54CD08FD0B8,
PPL_14C799D59A4D,
PPL_49AEF3C265FA,
PPL_9278ADC9DCD8,
PPL_F95CA8CF08E9,
PPL_A6C701B7D40F,
PPL_98CF601B8EE2,
PPL_A28821186875,
PPL_CEAC69D58DEA,
PPL_80E4F91F1E5A,
PPL_84E5ADFD498C,
PPL_03DCF9D2BA65,
PPL_A4D005262368,
PPL_B05F81907F96,
PPL_B5C25E621D41,
PPL_8C1BD0C868E0,
PPL_04D0ADE7772E,
PPL_DCA53BA64B0E,
PPL_80FD6FD1D98D,
PPL_C165409EE50D,
PPL_0964848B2C0A,
PPL_50D9986C9988,
PPL_C711437E766A,
PPL_EB02C0098CBE,
PPL_A77E034EFA04,
PPL_3253B1B0B23B,
PPL_88CAC6ACB5FE,
PPL_BB7723ED20ED,
PPL_CC23EB940694,
PPL_45BA98E9988D,
PPL_E9F05A80DE22,
PPL_746456B8F6D7,
PPL_957EA13EA830,
PPL_2ED9B7F6535E,
PPL_CEB95B8C85D7,
PPL_858EE8AD4531,
PPL_9A3B1FB0E43F,
PPL_3F9FFC79681B,
PPL_8C0311F0478E,
PPL_E7A0ED8057D5,
PPL_D349A456249E,
PPL_A45A3DD1CFBE,
PPL_CBAE47BD9F45,
PPL_4CCCF6965BAF,
PPL_3CF03962BF0F,
PPL_D844C1AA206D,
PPL_7AF0EC1D5817,
PPL_88E285A0E599,
PPL_DE1A83D4B921,
PPL_A996446669EA,
PPL_5E2F504DB73C,
PPL_0FEBD232999B,
PPL_756629BB2AB0,
PPL_F6A037B103E8,
PPL_75431ECB52C0,
PPL_6067E2DCE8E1,
PPL_141E22F67E6C,
PPL_7FD9D3DEA731,
PPL_BE71A9709274,
PPL_B37D4CCFE871,
PPL_4032234E598D,
PPL_8FB48F067D4E,
PPL_92F12849E9B7,
PPL_7220971A95A7,
PPL_6333458570FF,
PPL_20CB42CE0875,
PPL_45DBD9542D80,
PPL_479EF162013E,
PPL_E7691A6C1D3D,
PPL_D2F38A168CED,
PPL_037FA4BB7E8E,
PPL_BECE7C7EDE48,
PPL_1FEB75C4D898,
PPL_A2D1EC1952CB,
PPL_1F0311954A0B,
PPL_265F800058B1,
PPL_679CE3115E7B,
PPL_625628438541,
PPL_83E34027DD3B,
PPL_CF6EF9DF447E,
PPL_9B89BB7B3363,
PPL_3F5816A20766,
PPL_58A05AD641D0,
PPL_DC687F315AA1,
PPL_497C7FE5A944,
PPL_22B692B876D5,
PPL_8AA363173640,
PPL_9A63F0E3EA9D,
PPL_8F2DC2A73A80,
PPL_71AAB79BBB63,
PPL_94812A4F2A65,
PPL_7038921261FD,
PPL_F7DFF779AC34,
PPL_E429CCBB31F0,
PPL_085407E9EF70,
PPL_5B22E808EE02,
PPL_010E80FF5766,
PPL_DE03C7FA76FF,
PPL_E302282EEDF4,
PPL_F5339565423B,
PPL_F52CDE2B6B38,
PPL_1083B294275F,
PPL_EC9DC6EE5D7B,
PPL_9EF5ECF31274,
PPL_9EAF5555AB50,
PPL_FAE407BB1A5D,
PPL_1CD0A39924BB,
PPL_9D9B3FF5D3FB,
PPL_21C8D5C5A88D,
PPL_5F6EDB9D6E24,
PPL_75867B1D4D59,
PPL_96047B34AC48,
PPL_B809DD25290B,
PPL_26882A3A355E,
PPL_B436334A13F3,
PPL_3253A6AFA167,
PPL_E47FCF76AA63,
PPL_C15C08096661,
PPL_B627352F7867,
PPL_2C88430C66E1,
PPL_51D5D390B14A,
PPL_F6BEA949DCE9,
PPL_A107EE272156,
PPL_F3EF49B18370,
PPL_3506CA0CFC4C,
PPL_51C15F44EA72,
PPL_24AA4FE3FBBE,
PPL_AB001177BDF8,
PPL_CCD2CFBAD957,
PPL_5A4E3F7AC2BB,
PPL_C4F6B1A6A072,
PPL_A8FAFBA6DD04,
PPL_AE43DE6FC5D9,
PPL_77D2547F9690,
PPL_BB4BC9071EE9,
PPL_DCAAF790D443,
PPL_0FE9C402A5E7,
PPL_ED3EE6CC89F5,
PPL_373A203B8B05,
PPL_7DDD2326C5BA,
PPL_424C8AFD494E,
PPL_5A4390237D73,
PPL_0EC41871F794,
PPL_B40FADEDE665,
PPL_075A19378796,
PPL_681C811B03A0,
PPL_8628AD3E48B6,
PPL_B646CAB490BA,
PPL_DC172DB5BAAC,
PPL_ED6B5FF25924,
PPL_218ACE684CFC,
PPL_DE6F4200EA03,
PPL_D28FF5DD9C4E,
PPL_0E82DD887665,
PPL_1050F0C2B9C4,
PPL_C5C4A6151710,
PPL_81FEDF6D4957,
PPL_791F3BB2AAB8,
PPL_FF1D9F067C4F,
PPL_C859E41DF931,
PPL_3575A2DD58EC,
PPL_FC028CEE06BC,
PPL_ACCFAA547398,
PPL_5DB166CA399B,
PPL_19040DC92EDA,
PPL_0E9CCB049C77,
PPL_031269926FE6,
PPL_F5758F3E97F2,
PPL_6A8AF68DF8EC,
PPL_7BD99C3651A8,
PPL_BE8722026B76,
PPL_349D5149E5FA,
PPL_1CD8BCF2E874,
PPL_E8ACE6062553,
PPL_C41FCA27F7C9,
PPL_1FA71490C9CC,
PPL_9714B1763026,
PPL_125A50F924AD,
PPL_D27264AF45CD,
PPL_90399AA72E20,
PPL_7394963D6517,
PPL_6736CF1A3BFD,
PPL_2CF7A9A0BBD8,
PPL_E21594F620A3,
PPL_66FA7D3AB586,
PPL_F46D34D8DB9D,
PPL_C755945CE75A,
PPL_B1AE84D27FB2,
PPL_61C5CD452E45,
PPL_6CF391E6BC6A,
PPL_CA690952F457,
PPL_BB5E0B5E006E,
PPL_35D6F4E57C71,
PPL_CC6EFA6D1B13,
PPL_25E7DCE9E6F6,
PPL_5B8C23C56986,
PPL_2793E7715A55,
PPL_656EE3B4983A,
PPL_5EE728F173D4,
PPL_7947379AB824,
PPL_0A3AF6DEC786,
PPL_28D34BC0F7EA,
PPL_CF8155D07FC6,
PPL_8A62266AEC2F,
PPL_256F1A8AAAB9,
PPL_B9FBB57A8191,
PPL_6DE80D1D14B4,
PPL_90CF5EEDFA21,
PPL_86D59E4A2F8B,
PPL_5CD0CC2AD846,
PPL_C1B073F8057D,
PPL_17DC2392775C,
PPL_4641716A6123,
PPL_26F87482D1CF,
PPL_A1B079AE9757,
PPL_50675139E274,
PPL_0349089E8065,
PPL_EAC47676AA2A,
PPL_6C35EE8CB10B,
PPL_E73702D231BF,
PPL_211D2590E2FF,
PPL_D9220806306A,
PPL_67F4023BA7CF,
PPL_CBCE9E5AEF09,
PPL_5B4727B0F224,
PPL_2C24ADE57F6D,
PPL_91E3E5B8302D,
PPL_7E5E03ED7779,
PPL_A0456F63272F,
PPL_84A94070C3C3,
PPL_BCCC7913AA21,
PPL_480850EFE406,
PPL_BB86B923FE50,
PPL_055F0F31F217,
PPL_C772D3B21354,
PPL_EF550ED53C18,
PPL_D2E1AD3E0C73,
PPL_F8D8D4861003,
PPL_E662EA2494FA,
PPL_ECB07E55239B,
PPL_703329D8A818,
PPL_25481CF8973C,
PPL_0AED1811028C,
PPL_EB98E8989F87,
PPL_629BA208A7B6,
PPL_10CA56E154BE,
PPL_0703AF7CB7BC,
PPL_10F714217598,
PPL_31047A4FFB2B,
PPL_96CE7E2058B6,
PPL_42FEC7CC2C02,
PPL_BB10D5F72A0B,
PPL_DD42725A315E,
PPL_957677EC5CBE,
PPL_2EECE21F8540,
PPL_51ED54977B27,
PPL_01006CD1FEE8,
PPL_389829BE8E89,
PPL_F330A5DEFC76,
PPL_19FB167ABAA0,
PPL_71A7DE4EAF80,
PPL_785A50070B9F,
PPL_40CC6D7E8F4B,
PPL_8F7A5BAF2EC1,
PPL_B78FF2D248FD,
PPL_0B5655183BA1,
PPL_1E89D0E924F2,
PPL_95076D6D2E25,
PPL_271A707773E3,
PPL_20470412DFC7,
PPL_3FCD3DEC5769,
PPL_13A55612EACF,
PPL_862A73F4C973,
PPL_7096F3F082AC,
PPL_2AC574F2A334,
PPL_31A59E6B9C58,
PPL_FB6C57CE41E0,
PPL_4369BFEEAC87,
PPL_3E0D6666B993,
PPL_CF5B3209624F,
PPL_4FF6BDE58A04,
PPL_DEE4EA885A6B,
PPL_2DFACAF5105C,
PPL_BD674EF6BF85,
PPL_7D39A51C50CE,
PPL_6CA11904D1D7,
PPL_86848D55EBF5,
PPL_82601C91DF33,
PPL_F1A56E8E338F,
PPL_72DD068737BC,
PPL_1CF81B17ECF6,
PPL_2D0C79D0BFB4,
PPL_747F048F3E69,
PPL_79D4B88C064D,
PPL_8DE5DCA9AB1A,
PPL_43441E9B2618,
PPL_1A1539416EF3,
PPL_B4F836383AF2,
PPL_45CE6637680E,
PPL_F5F9440A96DC,
PPL_37AA05413E8E,
PPL_7AF6D578ECD6,
PPL_BDFE6D3EDBAB,
PPL_4E8A8CAEAB77,
PPL_3B543ADC10B3,
PPL_D1CFD5EEBE7F,
PPL_49FF788EF094,
PPL_12102D75568D,
PPL_868A5B000548,
PPL_535FA9E6D7BB,
PPL_5EA88DC6050A,
PPL_B980154249B8,
PPL_8E212A01C563,
PPL_1EF500614AD6,
PPL_FFB9747138CF,
PPL_28BBE46A7FBB,
PPL_7F5377189CA9,
PPL_9E64DB84767F,
PPL_3265B92C830E,
PPL_46EC86F5BC7E,
PPL_B3169A667312,
PPL_C6FBA66A1C11,
PPL_F6B78C5EB830,
PPL_90029031ECB0,
PPL_8E502AB08498,
PPL_AA0F81D994FC,
PPL_A718391D5698,
PPL_EBFD038AE65C,
PPL_2C799EF430E3,
PPL_0C87C1F3EAE3,
PPL_AE2BFB792B31,
PPL_21AC58184915,
PPL_1BEB6CC74718,
PPL_301C00B9237F,
PPL_F4E49BEEE9A0,
PPL_DAADB7814667,
PPL_88BAE299C7BF,
PPL_D19405C0A079,
PPL_B67F632F8095,
PPL_E69BEFA35799,
PPL_F4763937A16B,
PPL_948D276307CB,
PPL_13AD1F52382B,
PPL_E24E7EC844B4,
PPL_3D5D0E5E087A,
PPL_1CDC85926E44,
PPL_33758BAD701E,
PPL_5B11631ABDAC,
PPL_FD9DFC3ABAE7,
PPL_20F04678C669,
PPL_B80EDEE37EF5,
PPL_DC4E1A78AC2D,
PPL_93B031B2E87C,
PPL_433BD60FF6AE,
PPL_403768E580AF,
PPL_88F6E4AB6D8D,
PPL_32E185AF4E1B,
PPL_B9D1E88C30AC,
PPL_1205B75510CC,
PPL_DBB25F3B17D5,
PPL_2A26BF13E1A3,
PPL_271931898F7C,
PPL_75DCD4884BA3,
PPL_10E2DBD96DCD,
PPL_B2B7C6E58B8D,
PPL_03435069540A,
PPL_B102F6BA7303,
PPL_9B6455CBDBCC,
PPL_717DC3589F26,
PPL_6B30CCA207BB,
PPL_514C26B1C620,
PPL_64B9AA8083CB,
PPL_AD1BA066EB7B,
PPL_092A8F879DB7,
PPL_74A155D75791,
PPL_29092B6A1B5B,
PPL_9AF0CF134573,
PPL_822C7AC610B5,
PPL_6F353DF56986,
PPL_9AD2AA5BB944,
PPL_77CEE17145B9,
PPL_796F485EF6B0,
PPL_6DE2731B946E,
PPL_EC6BC077242E,
PPL_1659EDFD32F8,
PPL_48B41B843B85,
PPL_57B49F3EF47C,
PPL_4EAA26CE97B3,
PPL_01810888C83B,
PPL_922CD919FEBC,
PPL_02FA21A28989,
PPL_470D62858839,
PPL_F65044E66683,
PPL_DB78FD91159B,
PPL_09C2D4B53980,
PPL_1102AA7ECB1C,
PPL_537835C5FB7D,
PPL_0ECDF12544C4,
PPL_9FD0174D2446,
PPL_1D6D62B5FAE7,
PPL_BFC69C30601F,
PPL_91C804A20717,
PPL_095355E87165,
PPL_9828409A5FBB,
PPL_DB61256A56B5,
PPL_34BA28FC6CAD,
PPL_F53DA15D81ED,
PPL_492AFAA7A394,
PPL_200B076383DC,
PPL_FDBA33826C7D,
PPL_AACC21D7BDF7,
PPL_C3D32136A908,
PPL_13C860AFFAB6,
PPL_E32AD75425E2,
PPL_84EDB7E8EEE2,
PPL_CDCAC3675674,
PPL_AEE0B6628554,
PPL_A8AA02635C09,
PPL_3DEB24AA4E19,
PPL_0176F4813B7B,
PPL_48D2BA8CA270,
PPL_361558AED528,
PPL_9FB250065551,
PPL_15F755ECE722,
PPL_E5342F073B40,
PPL_313ECEE3DFE6,
PPL_5915FFEE105A,
PPL_EB4C92A16921,
PPL_928DAC5EEA2C,
PPL_37D81C2A94A2,
PPL_CC9513572335,
PPL_CE033697FA93,
PPL_8B2936072E23,
PPL_0ECE6B6A8B64,
PPL_A173C8707772,
PPL_96CD926A987E,
PPL_2D936D0B367D,
PPL_A9E0A074AB65,
PPL_A5D18F84DA00,
PPL_8811769921F3,
PPL_C7CC3936601E,
PPL_71E81AD6941C,
PPL_B404C6E06D02,
PPL_2D1075AFC646,
PPL_732DD53CB4F7,
PPL_823343FD449B,
PPL_6C0F6ABD2658,
PPL_CCAB67030F44,
PPL_F46B64B3E12B,
PPL_CD97F15C1A41,
PPL_7048839CA2AC,
PPL_DC81A02F166B,
PPL_9F2E4B0A9C03,
PPL_EF8FB53C2E6B,
PPL_1CEA82C18B03,
PPL_74946B412C64,
PPL_D3295A711936,
PPL_FCF8ECD65D14,
PPL_855B12A31B94,
PPL_5E7F9EAA7C4B,
PPL_6C347EE39B18,
PPL_E34166659350,
PPL_6922780C1B0B,
PPL_023D08946A62,
PPL_F8CA588FB114,
PPL_5CA6A0A826A4,
PPL_1FD0CC7612CF,
PPL_3294511FD15C,
PPL_04DA49BE9DEA,
PPL_0C446672684C,
PPL_B4A574302FBF,
PPL_F95A52529A15,
PPL_46C2648DEE14,
PPL_D15F05AF2110,
PPL_E3AA42BC67F1,
PPL_B9ED3F1EEC4D,
PPL_62C86A788D2F,
PPL_B84D01922A7F,
PPL_8A059C37D82C,
PPL_5FFC2DAAD587,
PPL_13354A2EA1BC,
PPL_7ED44A1D7E72,
PPL_53D8BC6F032B,
PPL_2A3E911A6A5D,
PPL_D6152DCDDCB2,
PPL_B5ED26490859,
PPL_C6DAB045A8CF,
PPL_E7AD9C9474D1,
PPL_6C1CA59895C0,
PPL_45EBB76950D2,
PPL_44CAB71BB79F,
PPL_A6C432EC58A7,
PPL_3054DB3D98C9,
PPL_B09A9DAEF72B,
PPL_E578E2E01928,
PPL_9FC3291C7C1A,
PPL_C03D17C35400,
PPL_5C154C9158F2,
PPL_550FF458FB6D,
PPL_AA559A72E673,
PPL_BBE7B4A1CA60,
PPL_E7971528D88D,
PPL_0CBF6A9EA762,
PPL_A265FAE39AA9,
PPL_B46947A1C668,
PPL_54A14F9F3720,
PPL_9C29CE42E888,
PPL_9863E215B5AC,
PPL_D1AA47C1C390,
PPL_C279BC0858A1,
PPL_9E188B6AEC5F,
PPL_17C2B0C05CA8,
PPL_69230D192F8D,
PPL_A88D0EE5E17B,
PPL_408FBCF75239,
PPL_BFFB5A3FEF01,
PPL_B027E62C0231,
PPL_3077105AE53D,
PPL_241296CA65EB,
PPL_E2939B09FD98,
PPL_973F82BC6C05,
PPL_09DAE5CE195D,
PPL_84CA62563327,
PPL_B428B8872CB1,
PPL_041CE549BF94,
PPL_36799AFA7CC2,
PPL_BA7B404F2462,
PPL_81847DA4D004,
PPL_E2556480DD54,
PPL_FA3315DBA4B0,
PPL_B99043C09444,
PPL_A23A0508B8BC,
PPL_AF22A10394CB,
PPL_8BA09667B153,
PPL_46229AEABE3D,
PPL_95421CF6E711,
PPL_9FE3F5F8041D,
PPL_F7812E46410D,
PPL_530D56134055,
PPL_FFC3DB2A1661,
PPL_D7DB301F8017,
PPL_3343825D2AC7,
PPL_5C8CD2A772F8,
PPL_30158EB7D962,
PPL_0C5761C78D82,
PPL_580323AFEA9D,
PPL_7290C69C5488,
PPL_C62F58A00B78,
PPL_69FFBF59EB78,
PPL_6F1B644931E2,
PPL_6B4D5ECDD972,
PPL_D3FD85FC4E6C,
PPL_0AED3451FE48,
PPL_D495CF0FD75B,
PPL_05B834A22AC6,
PPL_4B533F4A4877,
PPL_50A946F07FA5,
PPL_AEF8FF753D7C,
PPL_1301F1E4D05D,
PPL_B571A8CC3168,
PPL_0EEDB96A1CC7,
PPL_BF05F3DBB99F,
PPL_916228F45F12,
PPL_EF90D62D881D,
PPL_F1788BF43967,
PPL_20F0A1A7411D,
PPL_1BC2A214BE31,
PPL_2B3D430CAAA1,
PPL_3EE688490AC8,
PPL_3D00F652F7C3,
PPL_54B0C2E2F4B1,
PPL_600EEA6287DE,
PPL_EDC946057430,
PPL_5D5312207140,
PPL_3571A08D15A5,
PPL_B12EC5C66E1F,
PPL_0F2BBAF02C94,
PPL_DA20BEBEECA3,
PPL_BEC96CA5FA1C,
PPL_C95CBD1687AE,
PPL_D934B4AACC6B,
PPL_4E3F1B5780E2,
PPL_D1666E757130,
PPL_77B436285D71,
PPL_82F81C98AFDE,
PPL_40BB80E607E5,
PPL_5FF413716EFD,
PPL_5E4B7FA791E8,
PPL_09DB0EF35382,
PPL_1FC57EE7235A,
PPL_6B3F8EAA8972,
PPL_5ECDA6A7FC29,
PPL_820BA54F48A2,
PPL_2F6C18B0B29F,
PPL_060C2C89737F,
PPL_19F9DDC4B229,
PPL_1D3E81755BDE,
PPL_841EBA2DB5C3,
PPL_B1DF94584F26,
PPL_53CACE74ABF1,
PPL_C1AABDD6414B,
PPL_66CCE675D4AE,
PPL_60ECACB39C42,
PPL_6803168140D5,
PPL_F28F27B04A1E,
PPL_74C8822393DF,
PPL_23EC058EDD2B,
PPL_84702C8A9EB1,
PPL_EC9C3DA40F90,
PPL_E05AD36E8C47,
PPL_EB3D0066890D,
PPL_3A863C04FE45,
PPL_49E0B2DBF2A1,
PPL_E1545F0BFF63,
PPL_D7E3ACAF2DD6,
PPL_2BEDF1A52271,
PPL_8E227F8EF119,
PPL_61F57F48CF0B,
PPL_7C2F7F2F7B43,
PPL_34F593F91544,
PPL_7458BC0BD6A1,
PPL_A0EF8F4FEE3C,
PPL_BD6A9DAE4B98,
PPL_18665323771D,
PPL_261E42ADA847,
PPL_48DE77797A96,
PPL_078F37E71AE4,
PPL_4D43D826D9C5,
PPL_91FFE74EDC05,
PPL_38FFA7C1DE31,
PPL_1997C66EA800,
PPL_27C4E3F17CB7,
PPL_0A52B27E3371,
PPL_F46760FF9F86,
PPL_2F64B32E9F41,
PPL_9AD1ADE4AE72,
PPL_FBBC71298198,
PPL_728032B84B15,
PPL_BC66E8BC9530,
PPL_F129684D23D6,
PPL_3CADAA6A7A69,
PPL_FC3D9A73348D,
PPL_B1C975E6ED93,
PPL_67537018BDD0,
PPL_B0F3D7E49A9E,
PPL_0DA2ED9C7696,
PPL_3922EF212614,
PPL_969CBD533592,
PPL_88B22B4CD8B4,
PPL_999B3DE6EEA1,
PPL_DC7899C32C29,
PPL_DFA9014940A7,
PPL_7A6331C2C8DD,
PPL_5D68F3D8BD53,
PPL_D92CCEFF5EDF,
PPL_AC6DE5ECF7B6,
PPL_6C14E9BB05F1,
PPL_A66FEA283D5E,
PPL_59FC4F209259,
PPL_A6BD0CB3C310,
PPL_DC8DA9D4C1AA,
PPL_E3219E17EEC2,
PPL_594ADB40162D,
PPL_6B00800222AE,
PPL_A59FF61FC5A0,
PPL_882F31D8BABF,
PPL_3F418A21B159,
PPL_BC8FE9117F25,
PPL_A89EC3DA77BA,
PPL_394F3D17A723,
PPL_2BCA49D0E4ED,
PPL_015E39FBF7AF,
PPL_0C147E900EE8,
PPL_F439C0C4D0E3,
PPL_BA4DE41859D2,
PPL_A427F6837667,
PPL_8372FC190410,
PPL_C0B41C720EB1,
PPL_7483BFAB823B,
PPL_D83D646EE4C6,
PPL_7F817D520E57,
PPL_50A49AFAE42C,
PPL_C22724721E96,
PPL_1B33AEB06A71,
PPL_98AC8F59A856,
PPL_C0DC5A59846D,
PPL_2C87698382DB,
PPL_5A5D83705DE0,
PPL_3644642FC3DB,
PPL_005E0B1FF2C4,
PPL_1A9207CCE16A,
PPL_DDA319D3AC74,
PPL_1932EB21377D,
PPL_FBEA8C27DBDE,
PPL_C8437E6FF654,
PPL_821CA549A2F9,
PPL_51D4E50C3C49,
PPL_C7EEC42BF022,
PPL_256FA43F31CC,
PPL_DFAAB2FA911F,
PPL_AAC7E75EFB75,
PPL_A41C76BB2658,
PPL_3103099CB36F,
PPL_65C9CD4D52CA,
PPL_B359AD10FA0C,
PPL_9A39395AA627,
PPL_74781D03E7BE,
PPL_A8FCCC6A6C20,
PPL_3FBFE3A67A49,
PPL_F2E9EA39F632,
PPL_6DE84FB8BB12,
PPL_CBCC1C97857F,
PPL_575AA924D352,
PPL_851C1EE4F0A7,
PPL_1094B3B957D0,
PPL_43DE693E1B1B,
PPL_F1961FC3FD2D,
PPL_225D63E268D4,
PPL_14F6F68E5AA6,
PPL_BCA71B5126EE,
PPL_E291EEB7FCEA,
PPL_C3435A4C92D3,
PPL_8E6FE3C8811E,
PPL_D531F43E69B9,
PPL_4FAA1A4B4DE4,
PPL_2D696389109F,
PPL_8FDE08E93270,
PPL_A5FAA752E628,
PPL_E2131F2B9756,
PPL_4344F839DEA7,
PPL_3B0B546CADB9,
PPL_81D4DD0907B5,
PPL_A28B00B241E2,
PPL_88B66AD32DFB,
PPL_0D1B5DD0B324,
PPL_69FC96027B59,
PPL_3458402E2FA8,
PPL_098BD871C211,
PPL_93AA72A3828D,
PPL_58FF779A45C4,
PPL_AEF06DC7F67C,
PPL_16510551CFC8,
PPL_E5FB7C605F01,
PPL_53044F67AE92,
PPL_C5F051C7F180,
PPL_26922CF09603,
PPL_9F565E102C90,
PPL_793369184B53,
PPL_4C82F2E69A82,
PPL_7C92C8F13670,
PPL_1A06B706E84A,
PPL_AA23BCBC9CBF,
PPL_AE54D0AB74EF,
PPL_24F74177BFF5,
PPL_716D12DB7941,
PPL_6E1566D8C9AE,
PPL_ACAEB45179C8,
PPL_F56E328D50D2,
PPL_7B67BCAB523C,
PPL_B9AD8B70B93B,
PPL_2ED42B641CF5,
PPL_F0D5D04B2539,
PPL_66580B9BC63D,
PPL_FDDAB55B9464,
PPL_D74C7ED7912D,
PPL_AF123273AB25,
PPL_91EE7400653C,
PPL_A229AAD039A9,
PPL_810A46811D21,
PPL_C4510894DDB5,
PPL_589922A96990,
PPL_26B1AC3E8E21,
PPL_3F9FD7BE970B,
PPL_62884F1272F0,
PPL_11C0EB3AD627,
PPL_D2AFDCFCDD00,
PPL_C8DC31EFBED9,
PPL_4B5E9BBBDF74,
PPL_B47F06AFB5C5,
PPL_13CB6432D809,
PPL_C0ABC0C60D52,
PPL_481A49CB71DA,
PPL_A80E6B6F37A8,
PPL_E470BCC4DB28,
PPL_8C13F2DDF475,
PPL_20AAC84B8FDD,
PPL_C76B53910F67,
PPL_5AD91411B379,
PPL_1EFDB1B106D9,
PPL_56E675FEF057,
PPL_7E551A22D763,
PPL_A219BBC84C0E,
PPL_7182D96AB68B,
PPL_4281066465D9,
PPL_A5F3E36FA397,
PPL_C8AC28AA5A0C,
PPL_BAEB39CA563C,
PPL_38BD0A360554,
PPL_ED9889EAFA2B,
PPL_7D1E7027DE1E,
PPL_DEB33CD87F40,
PPL_BB82C3F01A8F,
PPL_7881CD24A35E,
PPL_38C7E74D1338,
PPL_71E30B8F9E7D,
PPL_69F7F58AEDA3,
PPL_84A220346736,
PPL_1D19993D3A2B,
PPL_3429595D7618,
PPL_9B2DF007D0F5,
PPL_46D1F55E207A,
PPL_56A65518DBB0,
PPL_37422F044664,
PPL_99CC0819932F,
PPL_0C19B2D193FF,
PPL_A3730A20C69E,
PPL_C77826E42248,
PPL_B1B3144B29EC,
PPL_C2D26C4F8239,
PPL_DC22D9F58645,
PPL_3F923B147D22,
PPL_2CB2EBDD956E,
PPL_854BFC7CCEDB,
PPL_285816464F98,
PPL_E86D3A1FF590,
PPL_E98E9FA99E52,
PPL_7CBC2EA92F17,
PPL_4F9A100DC3E9,
PPL_ACD1B938B974,
PPL_BBBBB0A193E9,
PPL_4A60BF1DFEA6,
PPL_98D5E99F0518,
PPL_C5EDDDA3172E,
PPL_A30CB5605542,
PPL_EAA576377E5D,
PPL_D45EFF373DE8,
PPL_2BFB50CF2B1C,
PPL_0B994436DCCF,
PPL_5247CD99A169,
PPL_5646865D8402,
PPL_540FD6E356CC,
PPL_FB5C7C150F8E,
PPL_E4365AF29F81,
PPL_5C09313612AB,
PPL_86CECAD27262,
PPL_827E9F310BB1,
PPL_A1CE27A193FD,
PPL_BE4DB0B8C022,
PPL_600E56F7766B,
PPL_7FBE588F0BA9,
PPL_8708B943D481,
PPL_948195C67B8A,
PPL_E7D0EDACAC80,
PPL_EA49340FADEE,
PPL_A3BC11199137,
PPL_2F249026788E,
PPL_EE2D658825FC,
PPL_51B411729386,
PPL_7CAB1BD405DA,
PPL_F64799555866,
PPL_28DED7EBBF85,
PPL_68C0C2E35911,
PPL_AD734573C95D,
PPL_8F609E22644B,
PPL_A08F32A19BFD,
PPL_E0627D59141C,
PPL_CE3B6BD63F00,
PPL_FC9779E97D09,
PPL_BEBAC7401319,
PPL_AC13D0F02B09,
PPL_2FF3ADFA66C5,
PPL_D33C13C1D09C,
PPL_BB6D6ED6BCF4,
PPL_E5F0EFB072BF,
PPL_B9C9EAF052A7,
PPL_0B53169E8145,
PPL_AD9574839DF4,
PPL_6FF1F5070F2B,
PPL_799C7BBB9A03,
PPL_103D41DACA6A,
PPL_F42C55C7D3A9,
PPL_436A702511F0,
PPL_B8D118245B3F,
PPL_E68AB310EAB4,
PPL_5C04E6F3C1F7,
PPL_61FE82DD4C6F,
PPL_56470DFF9E71,
PPL_10907E545F71,
PPL_50214DBEFDA2,
PPL_85027AABCB1C,
PPL_5BAF62127482,
PPL_682ADBE4D065,
PPL_B2FA3CD088F1,
PPL_7258B060E12A,
PPL_0AA7B23A1752,
PPL_C14085887270,
PPL_015A4839F771,
PPL_3C358ECDE661,
PPL_7BD3E1503344,
PPL_FCD952F0D963,
PPL_C97255725507,
PPL_81C6AA3C6115,
PPL_E4AD548B1147,
PPL_A8A03B13A4B3,
PPL_D5B874183A55,
PPL_BEE9C92B466C,
PPL_321204791943,
PPL_EAC9B0C1446F,
PPL_B626CE421128,
PPL_927A17834A31,
PPL_134C3FFE15C8,
PPL_1B6D82FD4625,
PPL_77851289891C,
PPL_8A9E0CAFFF08,
PPL_4A9DDDD2F1B5,
PPL_C272970DF09C,
PPL_C742CC48C63F,
PPL_D083BF66590A,
PPL_DA27F0D79B46,
PPL_6267D5C09C11,
PPL_479BA2A4EBAF,
PPL_4C1C4B46AAC1,
PPL_61778C88B10B,
PPL_7F3BF69F2178,
PPL_514D595CF374,
PPL_EE6CDCBB7321,
PPL_4A4D4AA55468,
PPL_8F688AD4C27F,
PPL_B9836F865402,
PPL_D85772F9F23E,
PPL_C6C07EFAAB9B,
PPL_FC189957EA3B,
PPL_E094BACB3823,
PPL_700D1B3BB38C,
PPL_01F8288BA677,
PPL_AD4798B3A801,
PPL_FF783C3AF3A4,
PPL_4BC5A76C24A8,
PPL_D42F7FDB958F,
PPL_BCC85F873729,
PPL_9B3682843C38,
PPL_E7A13C705697,
PPL_373E18BDA7A8,
PPL_B4E7C06769D0,
PPL_45DBA62700B6,
PPL_B2F6FB2ED929,
PPL_87C93F5D46DD,
PPL_742CD89FE0BE,
PPL_EA1FC0CC0332,
PPL_4B17EA363222,
PPL_717068065E52,
PPL_85593A81E2CB,
PPL_3A7F81C0AAC9,
PPL_A17FF98F5482,
PPL_3AF38CFCD835,
PPL_277DBA748457,
PPL_1769451CE1D9,
PPL_8C3981336D50,
PPL_A2920C596133,
PPL_66694905453E,
PPL_75A3917363E8,
PPL_0E3360384D6F,
PPL_EC6E1913CEE1,
PPL_611D4CCD055A,
PPL_D8865B8F5A30,
PPL_4E04F91089AE,
PPL_018A9AD5CE00,
PPL_CD2B9EA8ACB4,
PPL_BF13B2C02F41,
PPL_4C2F0EEF9491,
PPL_A429DD246337,
PPL_869A8326E92F,
PPL_B29A16FF26B4,
PPL_C35CFFFDEB36,
PPL_BD0FC0085FDD,
PPL_FA88640884FA,
PPL_664BC9733E67,
PPL_9C9E4138BF55,
PPL_BF0E19B76108,
PPL_D13AA35489DC,
PPL_8A6AAA432F0C,
PPL_550EC4B21E8B,
PPL_23E66D7693CF,
PPL_4143988C68A7,
PPL_6AD17AB25372,
PPL_15F4C6575178,
PPL_46CEA504BB73,
PPL_C404F342A93A,
PPL_1D29F4F15E02,
PPL_28384A733F82,
PPL_0ADF44973216,
PPL_C35D6CDF24EC,
PPL_1F214E0018A1,
PPL_541F788A494D,
PPL_9F4B91C7B0FE,
PPL_5BDCDE03B26D,
PPL_129AF6AD33F5,
PPL_2086FAEC0E85,
PPL_7197338BD305,
PPL_DF99CAEE41EE,
PPL_39F737BDEBB4,
PPL_ECB3FF975A45,
PPL_FE897D0F2356,
PPL_E2EB298DF319,
PPL_DE49CAA69791,
PPL_83D33C0605EE,
PPL_133677B3E6FC,
PPL_65466BB4B3EC,
PPL_9DC11A7154EA,
PPL_C59F577CA729,
PPL_FF22487E7853,
PPL_613151BEA23E,
PPL_16CA31738658,
PPL_132F212DBAAB,
PPL_3FC9F8C6A8DE,
PPL_E072CC6EF33F,
PPL_9542D763DAA1,
PPL_968BA4ABC568,
PPL_AA0AB54B7809,
PPL_E14BB16E6F65,
PPL_BADE9DE9868C,
PPL_ED1B2781962F,
PPL_8DB5380C89BE,
PPL_EC7EFF5E8B15,
PPL_33C160D906DE,
PPL_421D5330A1EA,
PPL_7F5C2D851C1E,
PPL_5337EA7F1AB0,
PPL_44A025909959,
PPL_933A564A1A26,
PPL_1195D3893C69,
PPL_1BD58B159F8B,
PPL_D50B832B0E9D,
PPL_64F7AC726957,
PPL_E3A2B50839F2,
PPL_30D3F2324DDA,
PPL_3C5B3D1BD8BD,
PPL_D4ECF0F00590,
PPL_BD50AB17C8B0,
PPL_D7AC116B1100,
PPL_7433F9EEA8B3,
PPL_1BD089ACAEFC,
PPL_27D5F13639FD,
PPL_C4A4D153350C,
PPL_EBB43B4883BA,
PPL_DE40E47110C7,
PPL_5DEFDC8AC742,
PPL_7EB5075137C0,
PPL_77D5EA36397F,
PPL_793FA856E890,
PPL_D165F62CCEDA,
PPL_7A43414D7FC5,
PPL_85238FB8312A,
PPL_F73AABD0AE0A,
PPL_C173F5A4C5BF,
PPL_5BAEA448E0BA,
PPL_DBF3D0F80AA8,
PPL_C295FF36EC4F,
PPL_F47E9C5144B4,
PPL_7A4FE3153862,
PPL_74058D43E271,
PPL_F000731FF939,
PPL_08EA29735614,
PPL_F0869D1235AF,
PPL_B0D32A15FB7B,
PPL_4DEB0DE55D94,
PPL_DEE495FCF700,
PPL_338E182E5726,
PPL_47289E20D721,
PPL_1A6868168044,
PPL_EF0CCB16481F,
PPL_F8E0B2197A9D,
PPL_770501B2AB15,
PPL_A949DC8BBED9,
PPL_432A68B1A313,
PPL_2DDCB9F0A366,
PPL_A29F1482FB95,
PPL_5631F70EB80C,
PPL_F230218B4191,
PPL_2EDDB6B64CA0,
PPL_5A321CC144E4,
PPL_D964F3296949,
PPL_4B48916483F3,
PPL_60D576026E3F,
PPL_804130D0ED51,
PPL_F8BE5359BF16,
PPL_31F68D18F8DD,
PPL_5C7174180979,
PPL_1418F650EB0C,
PPL_0ADEB3A614FE,
PPL_7D85B3F48204,
PPL_7C9D35CC2C98,
PPL_8158C5AC02E4,
PPL_2FCC0B6DA160,
PPL_68EABC1D27A8,
PPL_601C8A4509EB,
PPL_7D973B2A26AC,
PPL_B32E7094AC8C,
PPL_D1B95DA574D0,
PPL_CC555E0646EE,
PPL_2EF33E29A61A,
PPL_48639E3D7C8C,
PPL_B99953D70E72,
PPL_97F02CBB1A0A,
PPL_646838C43BB5,
PPL_CB22CA6DA966,
PPL_0FC103ED19FE,
PPL_96BC1F76C8B4,
PPL_AF5C79DC2737,
PPL_329C2E79B502,
PPL_843554861607,
PPL_A90151592901,
PPL_C1548F8242EF,
PPL_5D21098D1873,
PPL_D2969D82FABA,
PPL_0A584DE2C74E,
PPL_68F008947B4C,
PPL_B5D2B723D418,
PPL_8778B05C2304,
PPL_5597B6CEA025,
PPL_BDA616F8D8C8,
PPL_8DCB2B5D573E,
PPL_0CB13C5C72F3,
PPL_31CE3E76E2F7,
PPL_48D736982846,
PPL_AB9B470A66E0,
PPL_F59483C257A9,
PPL_3CC13B7E18E5,
PPL_D280BA65CCA4,
PPL_0180F49C5E18,
PPL_39B7663DA05D,
PPL_A79FC14C5FA9,
PPL_DB6C323E1679,
PPL_A1FD253912D1,
PPL_27EC889FCFCA,
PPL_C3F19645B4DF,
PPL_C2DC53D81081,
PPL_B2B3947024B1,
PPL_D569D1FA2E6E,
PPL_0343C695A18A,
PPL_479CDE9D3881,
PPL_AF211C51B404,
PPL_DC74B787ED72,
PPL_6CD0F2BBD0D3,
PPL_EB681A6EE6CB,
PPL_51473DB61C5B,
PPL_D5AC802DB440,
PPL_9C87A51FECF0,
PPL_06DBBFFAD135,
PPL_2F05BDE23C7B,
PPL_8F957D40EC85,
PPL_9CC177D43DE4,
PPL_7BF9694F7B9A,
PPL_0DB50FE10A3E,
PPL_06711E7D0306,
PPL_5740F1545BB9,
PPL_9D8EA4163544,
PPL_A7F0B4047806,
PPL_2F232BEB3E18,
PPL_60AA1427AE92,
PPL_7831AD3B9379,
PPL_2DAE8D7AA662,
PPL_A82E4105838E,
PPL_133718F664B9,
PPL_D34F74E9B805,
PPL_DFA9805C113D,
PPL_74A77E832406,
PPL_7F3B7B40BFE1,
PPL_4A44813D68B8,
PPL_A2BF8362E763,
PPL_BD318F37FEF8,
PPL_5AE094880F80,
PPL_F84010AC9A76,
PPL_A09822C466F9,
PPL_83491CA352C1,
PPL_CA1FC111A0FE,
PPL_C155BF5566CE,
PPL_1A109877FC59,
PPL_8B04287DF89C,
PPL_C20F08D4E080,
PPL_DB2084AEAE07,
PPL_8FD6F730A206,
PPL_CBC3D2D56764,
PPL_99C2AEAF0ACE,
PPL_68ED1A519625,
PPL_BB3A6892479C,
PPL_CD109030D602,
PPL_655E7266C544,
PPL_4A6C4C07165A,
PPL_9BFFAAC85E61,
PPL_7DC9530D750C,
PPL_A75472A42B1E,
PPL_A39B6E296B70,
PPL_E1C4DEED40A1,
PPL_EE208A5A6044,
PPL_CCCB9575D199,
PPL_4BD16A5ACB2F,
PPL_0436A94784C3,
PPL_3332AB6BAC03,
PPL_C910A3A057DA,
PPL_6863DFFEF71C,
PPL_57D5E3B121BE,
PPL_C4F99B922567,
PPL_0F1486276BEC,
PPL_8A641F0DAA9C,
PPL_C02EDC4C8477,
PPL_7D3CAEB9A238,
PPL_A7F471DF14D6,
PPL_E4485381AB70,
PPL_537617D62733,
PPL_99573133D4F6,
PPL_B8A5E1552F6B,
PPL_60E8D6F8FCA6,
PPL_B4B08B9C7A83,
PPL_98DA0A55702E,
PPL_2053A3B6E8D9,
PPL_C799A1FC3839,
PPL_E0C126C958B3,
PPL_2E4CBD23B055,
PPL_E917716F1644,
PPL_253B39EFEB70,
PPL_FC9F5EBA5C3A,
PPL_AE41D4D24BCF,
PPL_27CE2341D0BD,
PPL_F9C27A8A2078,
PPL_FAF052E64103,
PPL_C0040FE1FF96,
PPL_B21FA87F417C,
PPL_4AB6ED422686,
PPL_057FADB81BDC,
PPL_AC9CB184EAAE,
PPL_3A352984F33C,
PPL_10F3ED155E75,
PPL_F8406AFB17BF,
PPL_2A8F8E6FFD05,
PPL_283E809E100B,
PPL_505451AE3902,
PPL_A89E322A3681,
PPL_32968214F450,
PPL_2B42683D8041,
PPL_7758DEC0D496,
PPL_61FFBCB3B397,
PPL_A5AFAAA84410,
PPL_A5F1A0982259,
PPL_FDF49E3FED16,
PPL_91C17A65B033,
PPL_8BC2B2951565,
PPL_394BC3491188,
PPL_B76347757532,
PPL_C68EC4824CBE,
PPL_D4E6F9491B2A,
PPL_2F5A12EBDEC8,
PPL_2FF7B62007AF,
PPL_EC535287CA9B,
PPL_41D82B795DF6,
PPL_C673A91D25C4,
PPL_FED1373D7646,
PPL_323D26B9623E,
PPL_5E76567A996B,
PPL_DFB9271E142E,
PPL_0CC81A714583,
PPL_3AD6F2865F30,
PPL_AF0DB46D7E1C,
PPL_699FB2E14E7C,
PPL_7B43613AB5C0,
PPL_3B3E367936D9,
PPL_DFFF15DA668A,
PPL_63AD93BC15C1,
PPL_F7BE9A4E75BF,
PPL_3AA73A6E6FC3,
PPL_119CADC31B4E,
PPL_18DF5DA4C996,
PPL_0075CC4F744C,
PPL_A2AFAC119FD1,
PPL_4E18FFE7A379,
PPL_5E2DA6BBD4A8,
PPL_3E1DCE5E008E,
PPL_867381AE7ABB,
PPL_7F66572F4018,
PPL_9470C68C5D48,
PPL_CD1FB6C70C39,
PPL_5414B29EDDE1,
PPL_650F7F81F050,
PPL_5C825DC0173F,
PPL_4575D2369682,
PPL_553B94CC4E2F,
PPL_09273F5FB91D,
PPL_FE1D60C8ACB8,
PPL_B048A8F43F7F,
PPL_4D525020DF2F,
PPL_51135FE99CD0,
PPL_B1206016B1AC,
PPL_CAFDE4EF2869,
PPL_49BA97459137,
PPL_1F31AA665EC2,
PPL_7F730E5A56A9,
PPL_0707D53EAF02,
PPL_50806215A3C9,
PPL_9C002C420FFA,
PPL_45532929FF14,
PPL_F80D44963663,
PPL_8299CE1962A1,
PPL_BE3EA2D89770,
PPL_F07DECD0A875,
PPL_3569A44067EC,
PPL_2B87083EFE2F,
PPL_91D0F419FDDC,
PPL_A6317D9AA714,
PPL_85966A021607,
PPL_579297E8BD8D,
PPL_1362CFF98956,
PPL_BB4406F4CE46,
PPL_2ECBBFA9CE8F,
PPL_1970DE566312,
PPL_F3AB037231D4,
PPL_1F92AF6428A3,
PPL_5D8E1FDC691D,
PPL_6067B3DEB6E6,
PPL_48B34B47D81A,
PPL_9566599A41BC,
PPL_8B0D9F612CDF,
PPL_7824191AC810,
PPL_A9599B17E555,
PPL_F30420A1D463,
PPL_46251965720A,
PPL_122129ECFEB6,
PPL_1A68C38F5C96,
PPL_39C927D41984,
PPL_EA08E303AB52,
PPL_9FE703554F29,
PPL_89A903D28F4C,
PPL_93F85444EB28,
PPL_F2FBAF6A1FA4,
PPL_B22739083492,
PPL_3A10AD2E789F,
PPL_00D7505BB53E,
PPL_23A95A52A046,
PPL_99BD4E064EB3,
PPL_5E7549199A5A,
PPL_E9CBE140143B,
PPL_9FE0274DB071,
PPL_BBE7F8FB9B21,
PPL_F4822A512D54,
PPL_2DB69168D193,
PPL_EC69B7340FEF,
PPL_34302DDAEA29,
PPL_CBD5A944CF9F,
PPL_360BD33C59D0,
PPL_CD444C01ED15,
PPL_D6E1B4A1A999,
PPL_7E01AF9FB409,
PPL_C00A810D4520,
PPL_33D849F52167,
PPL_69D9928A7062,
PPL_84ABEF75BF47,
PPL_4CCEA7348B0C,
PPL_338DD9C2DB7D,
PPL_5C3A2F212C9A,
PPL_A6658EDF1160,
PPL_F699BC05AE91,
PPL_124FCC355223,
PPL_7D5452B66B6A,
PPL_DF65D2FE2370,
PPL_8E95677A1F1A,
PPL_A7841662E8D1,
PPL_972513CA2D0E,
PPL_A68C6F992B3C,
PPL_2035488A45F3,
PPL_72432BBD5874,
PPL_6942655DB9D1,
PPL_777E0A5DAA5A,
PPL_57BCF21A43C2,
PPL_7685A950B483,
PPL_57F84008D8EF,
PPL_AB4A5997DAC8,
PPL_5E048350EECB,
PPL_D578A6E2C70C,
PPL_24425EE38E86,
PPL_CEEA18ACE810,
PPL_1E297BF9B52F,
PPL_BC2B12C6DA11,
PPL_5EDF204814DC,
PPL_873F66D175B4,
PPL_F1B999DC370B,
PPL_34A3B354B81C,
PPL_3EB00A8DBD6D,
PPL_3CB988BC1B29,
PPL_14DAC163ABCB,
PPL_03DFFBC8D709,
PPL_DAD7A9D9F629,
PPL_5AE7919C582F,
PPL_28C89D8D9508,
PPL_40B47C276D08,
PPL_72C34ABC27D7,
PPL_A2032BEB4539,
PPL_043597275B2B,
PPL_CB7E4770B551,
PPL_10AD1BEC79B0,
PPL_96C3F07BD620,
PPL_7B47071D52A8,
PPL_D668F0EBA5E4,
PPL_97A72CBECA38,
PPL_2C5BA432C706,
PPL_6F1F5C0B42E4,
PPL_B08D9C383A6C,
PPL_E0DAFFF6D6FA,
PPL_A2741BFB4C12,
PPL_51EB7AB49EC3,
PPL_19EE55A53925,
PPL_5584018B3816,
PPL_873D795B0A72,
PPL_211EDD22DCA2,
PPL_ED1ED58AA6CF,
PPL_6B28523B2A14,
PPL_68B17C954E0B,
PPL_F553C5F5DCD1,
PPL_9C9F92DDD4CE,
PPL_65F21E375D1D,
PPL_BC57D0DA0D41,
PPL_EC760A1B0456,
PPL_7281E3EDCDAA,
PPL_1BFF7FAD22C5,
PPL_E92F051A7DD2,
PPL_E4201942CEC0,
PPL_7841238D9620,
PPL_F6634E34D2D4,
PPL_3D18DFB0DABC,
PPL_6C3F9FD7B8DE,
PPL_2CBE7034B7DA,
PPL_3153FC8D9E53,
PPL_46BF3EC20A6F,
PPL_3D03E761E95E,
PPL_DD634B719EE2,
PPL_D9DB2452734F,
PPL_8E066AF48209,
PPL_B6F028C872A5,
PPL_344D14274D43,
PPL_41CC4B15E20A,
PPL_2ABC83863084,
PPL_D57B703EAA84,
PPL_A1933D27541A,
PPL_027D3CD538C3,
PPL_3483377141CF,
PPL_F16D77A0150F,
PPL_65FCC946F7BF,
PPL_7641E44C9106,
PPL_433A0F6EB8DB,
PPL_65168F21F3EB,
PPL_D22468F1CF91,
PPL_9814F54FCA13,
PPL_C1739C0DFFF7,
PPL_7D3896B04E1E,
PPL_5F93E813F2A4,
PPL_5C0607CE93B8,
PPL_672F5332C0E5,
PPL_59FA74CB1A7D,
PPL_14CEBABF500E,
PPL_5D37DFC71FF7,
PPL_A3628BBE5CDD,
PPL_59A52A85316A,
PPL_5F8D6CBA9F81,
PPL_A42C91A97420,
PPL_49F2DF91D5BD,
PPL_1E7FD0430C77,
PPL_3ECF9FCBD3B3,
PPL_C1EE688E52F1,
PPL_45AD1A27636F,
PPL_93ED1BC51ADF,
PPL_9121FE9B8E3B,
PPL_E8894A1644B3,
PPL_075B90F98383,
PPL_ACD6F673B3B7,
PPL_5125C439FA0F,
PPL_E598A009C0D7,
PPL_B1507793579C,
PPL_F0827B8C2D19,
PPL_15DC53592DF3,
PPL_EBB5EFA0D5EC,
PPL_0DFDF1DA8DB2,
PPL_EF7914C7B756,
PPL_703303F45E67,
PPL_1517821B9000,
PPL_935230EC9DFE,
PPL_017A5FAC303D,
PPL_6E1E00E38891,
PPL_3DBCDBDB45EB,
PPL_6CBC0FCA4440,
PPL_AB44A0D4D3F4,
PPL_463FF4EB73B8,
PPL_A56B3C4A5BF7,
PPL_F63DBC644F8F,
PPL_D3AE2AEA9CAE,
PPL_6D8E73982118,
PPL_6910B583E32A,
PPL_885F8308FDCD,
PPL_A071A5BAC735,
PPL_CA4989A4A904,
PPL_9A2102CD6B3A,
PPL_D4DE3D5084E8,
PPL_F902BCAEA49C,
PPL_F2441DCB6C91,
PPL_F617BEF9A21B,
PPL_5955E91E6CDA,
PPL_D4306C3B6E38,
PPL_2798EA03854E,
PPL_D8BADABE4B27,
PPL_77B436342BA3,
PPL_652140E01DA5,
PPL_612450174707,
PPL_F8DA56196DB7,
PPL_8C8AA24B7174,
PPL_0B58550384C6,
PPL_761027A5D8B8,
PPL_76D7AD9FF770,
PPL_D86E7BA48D1F,
PPL_E79E285C0106,
PPL_980B0FD1B66C,
PPL_35C9FA9691E3,
PPL_CB6FA9596AAC,
PPL_DD2A515903C9,
PPL_9F9E08CDCBB3,
PPL_C969DD310F46,
PPL_49F9B4CBA52F,
PPL_750B238B4F1E,
PPL_20954A05BA0A,
PPL_75843D3E946A,
PPL_C5094DDCD03C,
PPL_91A8BC5FCB9F,
PPL_77173812E375,
PPL_46F573C32EED,
PPL_D227FB445D07,
PPL_0FC01AC250B7,
PPL_191940E2D08B,
PPL_19E63827F2E5,
PPL_1F0785DE379E,
PPL_69D8165B615B,
PPL_5081859CF513,
PPL_D71FB890DDA2,
PPL_95874C5E722B,
PPL_9103E5EDB9B7,
PPL_B864823C7781,
PPL_ECC1721522C7,
PPL_A8477B09434C,
PPL_28A2561DA04C,
PPL_46C55F9C79F8,
PPL_BC7FBCE2B122,
PPL_2F003874029E,
PPL_1103284E888D,
PPL_E139CDE359F0,
PPL_9616EF241225,
PPL_B8767C18B30C,
PPL_E00183535F35,
PPL_496A19DC09AF,
PPL_CA4F17925C97,
PPL_DF27AC4176D3,
PPL_CA7EF49C8412,
PPL_4068878C1E6A,
PPL_D544E71298EE,
PPL_B44D1B3696D5,
PPL_77A3EBE93269,
PPL_2202186447E0,
PPL_07E4997430EC,
PPL_C65BE8DA8B95,
PPL_CA66223DC005,
PPL_BDEB35FC5CB8,
PPL_576DE43179F4,
PPL_EB5222D9948A,
PPL_55E02B9A2987,
PPL_C11895993DE5,
PPL_A0C00E7403E1,
PPL_4311A8FA5184,
PPL_21248B99B7CA,
PPL_81A1E7F8BE29,
PPL_979FD7423D25,
PPL_FBAF362E2F93,
PPL_A65783A938E1,
PPL_4F5C21E80DB5,
PPL_D2E94488B43A,
PPL_3CC0BDD0C440,
PPL_3AC714C9E063,
PPL_85E10BC1A6FE,
PPL_E5A173CD8112,
PPL_BF6FA2D114E7,
PPL_00B7B5C54634,
PPL_A5F17AE64B3B,
PPL_72A49A460695,
PPL_82B695A4A0F4,
PPL_ADA31E1EE243,
PPL_F77A10939F35,
PPL_6D47BED57318,
PPL_443018B5979B,
PPL_78F2FB10A2AF,
PPL_414865146E2F,
PPL_AF0EA1ADB1B4,
PPL_BFAE9C8E0BCA,
PPL_117717105D6F,
PPL_A7A56EE74019,
PPL_D4CEE925B224,
PPL_4C88347B4E9B,
PPL_06495991C6C2,
PPL_C34C3A0D52C8,
PPL_1E294EBBC347,
PPL_ED809A6C994C,
PPL_0DDC73DEBCBE,
PPL_4C727E2FC085,
PPL_8CA5DB704768,
PPL_39EC41978249,
PPL_70BDD798CEE2,
PPL_7B77481CC085,
PPL_A283EBA02410,
PPL_217859121AF4,
PPL_1B1A7A2A2CAC,
PPL_11600C12DA83,
PPL_3B982A841ECE,
PPL_B8771D0F2E62,
PPL_8FC8478AC265,
PPL_06CFBC91A469,
PPL_E80E2A7778EB,
PPL_E4D035070180,
PPL_9D72A85AFD61,
PPL_5E0D7A24DC80,
PPL_917ACCF13B01,
PPL_9BD7FA92DC9E,
PPL_A7091D4A0BB3,
PPL_CA8598069630,
PPL_E0F222D0F9BC,
PPL_D6651EF98EDA,
PPL_BBEAF703C9FE,
PPL_6235EAF4EEE1,
PPL_55840A6E0A06,
PPL_B8B8FDB625A3,
PPL_AC4E8C8FC0B3,
PPL_F9C3F0876AEF,
PPL_D2A6105C0348,
PPL_A0C41FFB9638,
PPL_75528FA0AD8C,
PPL_313B2CA975AE,
PPL_BD52B616A9BC,
PPL_60152864039A,
PPL_981E8E7B9EF0,
PPL_7DB598F4141B,
PPL_DBCA5EC8F5E7,
PPL_8BAA18C531E9,
PPL_91D64FABBE64,
PPL_356B97BFEA6A,
PPL_8BF9ED04E810,
PPL_FB93C24E1062,
PPL_FF22CD48B998,
PPL_8765DDE0C380,
PPL_6B6EA47CAADE,
PPL_F1603F82B34B,
PPL_060F69EB25D8,
PPL_CB7DC3DAE94E,
PPL_72A3F83270B5,
PPL_611C0DD653B6,
PPL_7B947529EFEE,
PPL_7B3BC1968175,
PPL_CA5A642825F9,
PPL_75B50B3B82A4,
PPL_2F715419A1BE,
PPL_642E5AE26FB3,
PPL_A089AE0E358E,
PPL_692C7CF77602,
PPL_4A3F921D01C3,
PPL_9AB5713F08D2,
PPL_DE5D992E3B65,
PPL_A0D7A7F3C704,
PPL_6B9A269F9C9C,
PPL_278BDF48FCA9,
PPL_0F6F3B4F3BF9,
PPL_2FABE999D8F2,
PPL_E4A71BD860FA,
PPL_B3B8883322ED,
PPL_89445A197531,
PPL_D4EBF89DC849,
PPL_57469A8ED73D,
PPL_8B09F23F3C94,
PPL_D1180861AB9D,
PPL_7DAF2F0361C9,
PPL_49324ABC981B,
PPL_01E599D83453,
PPL_45A390B2CEEB,
PPL_779C5EB53405,
PPL_2F4373E84CEF,
PPL_6C62E4C7DF39,
PPL_8270302D2732,
PPL_2D6270E6A779,
PPL_97D6B6320725,
PPL_82CB852BDD02,
PPL_CE750CFEBE26,
PPL_6A5B22F63EFF,
PPL_0706619D6DF1,
PPL_DD720E7C338F,
PPL_B43DE8271B79,
PPL_4AA448161E3F,
PPL_FB5A34D66C19,
PPL_8C881A671FF3,
PPL_4302DC29E8A2,
PPL_B195335677D0,
PPL_A8E2F524D188,
PPL_CCEFEA57D348,
PPL_D484ADA68609,
PPL_8B7946223596,
PPL_5F385AAB23BA,
PPL_F62ED2DB9502,
PPL_612B3942D2D9,
PPL_2AF072200660,
PPL_B8C14E42EF12,
PPL_F29844038F89,
PPL_00B7DC63D32F,
PPL_B0373DF6001B,
PPL_72058242C4D5,
PPL_8C03D605B642,
PPL_F2E0D5EB6F8A,
PPL_2CD0AEC85102,
PPL_6D3DC2E0F03C,
PPL_57EB288B7AEC,
PPL_7848B8020B61,
PPL_C9E1F478CED2,
PPL_D082CB2A1763,
PPL_48B277231870,
PPL_07ADB3CBEE97,
PPL_24815D67F398,
PPL_DEA3FD932125,
PPL_16F1FEFD2554,
PPL_AB723B919203,
PPL_09618CC83D49,
PPL_7F8196188982,
PPL_CA3CBFA2C7D5,
PPL_C81F8446ECA4,
PPL_0A92E668EB0B,
PPL_4212CA7B2B65,
PPL_1C9B89F4FFE3,
PPL_A05A5758AC64,
PPL_711B4A33F334,
PPL_25768BB2A456,
PPL_97ED35AF415D,
PPL_392BA471268C,
PPL_0FA57A798F45,
PPL_6600DF753871,
PPL_1323127DAC70,
PPL_2A7249662CE1,
PPL_5D7096B501DB,
PPL_112FAF1BBF4E,
PPL_EE0456E00BD1,
PPL_74E9817B496F,
PPL_8B56D41729C2,
PPL_5D6AE4A3D5C5,
PPL_4B4755E942BE,
PPL_8697DD5BAA00,
PPL_68E4BD45E4DF,
PPL_7F639C2D9CF8,
PPL_2D46FEF0F404,
PPL_BA71624B5C9B,
PPL_28A4F5EBFA60,
PPL_437C3FD221AA,
PPL_AD2F6B9FF6D2,
PPL_D85E6A77B89B,
PPL_097D7B3C3743,
PPL_EE8C8AC40FB3,
PPL_3E0731672C5B,
PPL_7D757846E412,
PPL_C8CAD2C0D4ED,
PPL_8BC61D691D42,
PPL_5DA9DD315D73,
PPL_A592B55464AE,
PPL_1D5ADD9B903F,
PPL_F2774D16B79A,
PPL_09249B614880,
PPL_C42A0EC28D13,
PPL_9192C8C5DF7D,
PPL_D40A11A32B16,
PPL_A9DA8FD9821A,
PPL_B85EC66E5F31,
PPL_50FF012BBC7B,
PPL_E95BD6DC3C80,
PPL_EC62D33612BE,
PPL_E37B3933C6FC,
PPL_4F6CE2AD2DC0,
PPL_2A9B245C03A2,
PPL_6616573DD866,
PPL_FE90D3931E6E,
PPL_BD6786FA02FB,
PPL_C80C86D93BD3,
PPL_8488C886096B,
PPL_5C8C55A6A1EB,
PPL_A0F91988F8C1,
PPL_AA4D3299D09D,
PPL_18671AE6CC66,
PPL_81546B0B1B40,
PPL_1BD43A51CB49,
PPL_1CD2AEAB079B,
PPL_E4EAC599BF2C,
PPL_79323913EC76,
PPL_8AC314E28D01,
PPL_00B22CFA9A91,
PPL_85668853621E,
PPL_7402410CEA71,
PPL_7EBB4F61AE6C,
PPL_4788CA1D2502,
PPL_E1ED05729842,
PPL_5ECA0BBF97BD,
PPL_42930DEEA07F,
PPL_0343784B6478,
PPL_516A15231EF5,
PPL_D7875DCBB772,
PPL_9DB13B51C689,
PPL_935FCDC067A0,
PPL_5397F96E008B,
PPL_8F2C3A0A4ABA,
PPL_2C4D571A04D1,
PPL_0C5F597D9A84,
PPL_7C3A1838305F,
PPL_E7146EF98860,
PPL_66132B3D2A6E,
PPL_DA909F08565A,
PPL_45805D33CEF1,
PPL_DE5503694AA3,
PPL_82BA22E6EA3B,
PPL_98E08F77439C,
PPL_ECD6E61B965A,
PPL_9CAB8DBB89B5,
PPL_6D82E70179BB,
PPL_02C40471D688,
PPL_75AF03012CEE,
PPL_418662C1E7CC,
PPL_6D149273C54E,
PPL_EF3994830613,
PPL_08162203DD81,
PPL_49A1FD698331,
PPL_522C2837AE3D,
PPL_3683D86343A2,
PPL_05033296C5CD,
PPL_BF73DF7E71B6,
PPL_F3D01D366780,
PPL_B0345A75DB04,
PPL_FABF3119B776,
PPL_D99933B00668,
PPL_F3E2C416C6F2,
PPL_642A1419BF1F,
PPL_378A54751B96,
PPL_0187F67624D2,
PPL_3BE2C944D6EC,
PPL_3EC8473335E2,
PPL_7CA169A474B4,
PPL_EBCB7852A773,
PPL_5810C61C257D,
PPL_10556240DC99,
PPL_7C4C40242ED3,
PPL_771B8EFE5D83,
PPL_2657A02D6675,
PPL_BAC0346BF7BD,
PPL_683AB3E7A6FA,
PPL_AD63F8FBC708,
PPL_1782E727812C,
PPL_70E0BEE2CBB6,
PPL_A047EDDBEC25,
PPL_C4983776D92E,
PPL_DAD9F66A5AF2,
PPL_E05D3EA1D452,
PPL_3DADDD92403A,
PPL_0B413A7291F7,
PPL_2662C043DE9E,
PPL_9EAF001CCD3F,
PPL_4D953FD195E5,
PPL_7037B0E72E33,
PPL_69DC40139A5C,
PPL_A158A3DE4A9B,
PPL_6712CD5F4C48,
PPL_C5738052DAC4,
PPL_5A0D56E8BE67,
PPL_33E81451A76D,
PPL_8E3E8BC792EA,
PPL_9BB7C6DEEB9C,
PPL_A4825BA1E296,
PPL_65CB43D88467,
PPL_A4A146D94011,
PPL_BD36CE2A573A,
PPL_90B2D235CAF6,
PPL_AEA7BBF79D6C,
PPL_CA543C9DD780,
PPL_6DD2CB29D544,
PPL_5D533BF6C297,
PPL_9846D4947F2D,
PPL_26EB1238D874,
PPL_4AC54A40A66A,
PPL_5953458A7F1E,
PPL_E49C2DF9E85F,
PPL_91D365D40465,
PPL_A592FEA7B3D3,
PPL_5F7508D4D150,
PPL_3EE5ED5CA49A,
PPL_B18314549DCE,
PPL_C95362127B88,
PPL_746003D63CFB,
PPL_10B3D6C129F1,
PPL_80080A168EE4,
PPL_0001A1A33D5F,
PPL_C358086500E5,
PPL_5B0A8FE1C1B8,
PPL_4D705A2D7247,
PPL_5170874D5059,
PPL_D186C053472E,
PPL_1D84BB59F0A9,
PPL_F7CA6F844976,
PPL_1038578ED43B,
PPL_FCBCE06574B9,
PPL_AB42B3CF4DCE,
PPL_E91C45ABC11E,
PPL_8E2378C92E95,
PPL_D60B84B7A271,
PPL_2BA1FE0ED4E5,
PPL_0482BC0E7BBB,
PPL_9F11C99430FB,
PPL_7C80D655F992,
PPL_10CBFD7CA0D9,
PPL_65870D2D26CE,
PPL_3EF230832EFE,
PPL_CAEFA248140C,
PPL_07465B08DA12,
PPL_3D8687A503AF,
PPL_0C1D8C9790B7,
PPL_720C43BB9652,
PPL_3DB268C35D17,
PPL_16130DCDAA16,
PPL_D45565FFBB82,
PPL_A0B46DF80230,
PPL_C263767C803A,
PPL_2DF07AB8BC85,
PPL_FE2110158EB0,
PPL_2C5EF683CD17,
PPL_693EA7EA3FD2,
PPL_B565D0C3BC1A,
PPL_965C2D5AA59D,
PPL_4821A9BD2D80,
PPL_D58F007CF90F,
PPL_F5A0ED11469A,
PPL_65F65AD34085,
PPL_ABEF87E817F9,
PPL_054FE1F26775,
PPL_DD7EB9A3DD73,
PPL_C0A6CCD5B677,
PPL_0FDD66F79D0A,
PPL_8FAB0F1DCFF9,
PPL_5E65C06CC916,
PPL_E1AFC6E71DE5,
PPL_C8B9D9511243,
PPL_CFC770F44DCD,
PPL_BC855EE0F854,
PPL_4E31A2F1BAFA,
PPL_4CAC21EE497E,
PPL_F0B2056B98B6,
PPL_E888F5BBC404,
PPL_B9B70FADFFF4,
PPL_D6997E544A0B,
PPL_26C0C648B2CD,
PPL_15A473EA05CB,
PPL_8F51D25802E5,
PPL_3B7A240E0A30,
PPL_C9BE23180423,
PPL_85860D3F605A,
PPL_2B11B36F5CCF,
PPL_7DB7C4E6BD40,
PPL_C5EF048E4D52,
PPL_128CA99F5F0E,
PPL_C8B17567C721,
PPL_F80C05A4C175,
PPL_FEC599449ECD,
PPL_205B07136EA4,
PPL_A2E818760C52,
PPL_8F3F70CC70E3,
PPL_C9FAB1B98FD8,
PPL_559BE047F3CF,
PPL_E4FF5ABBEEF0,
PPL_01E150868AB2,
PPL_20FA11A3D61E,
PPL_904A438BE40B,
PPL_0874D9B0F559,
PPL_0E062521EAEB,
PPL_DFB07510ADE2,
PPL_0963F4CB423A,
PPL_EF8BB14E7C18,
PPL_09B5B815A5E8,
PPL_333FF893FD19,
PPL_4ED3182268B7,
PPL_3C6BCE8DFB6E,
PPL_B78E2A3396E9,
PPL_4794B2EBF55F,
PPL_C0854364FC0E,
PPL_006FDFC2616E,
PPL_84E14E71B15F,
PPL_448073A4CAFA,
PPL_8F3A8F9EFA21,
PPL_090E363DB9A6,
PPL_1B657C1C761E,
PPL_1A7D8AA6DAF9,
PPL_59CA3C4757B8,
PPL_559962CE1EDE,
PPL_E44913148A26,
PPL_03328ACC0E85,
PPL_ABA140FB5AEA,
PPL_D85C0FE3DCBA,
PPL_467BE60355A7,
PPL_67D90A1309C0,
PPL_4EB639294342,
PPL_128298AE91E4,
PPL_7D3E21FE6B4C,
PPL_1133D1E6A159,
PPL_4C99C88141B3,
PPL_89EB4C3F718C,
PPL_D565E1A05EEF,
PPL_9D8817250F21,
PPL_F4AB5208C115,
PPL_3A9FF3724B17,
PPL_2D114A1B7FB5,
PPL_3857D75E8413,
PPL_696D265BC605,
PPL_DDFABE58A82B,
PPL_7F72E740335F,
PPL_77BA67049572,
PPL_9ADB66A67107,
PPL_BB7868250A03,
PPL_9540AC937201,
PPL_33ED5D6C2F0A,
PPL_B0ACB7833D69,
PPL_DB54DDDE8232,
PPL_D1DE45C918A4,
PPL_3918F577D5F6,
PPL_66CF6080BF2F,
PPL_EBCF8950C4C4,
PPL_AA04AEC3A9E7,
PPL_49B6B977260C,
PPL_8373739C7264,
PPL_02AE66F0D9D3,
PPL_F35E9B623F06,
PPL_468AF29B1311,
PPL_BA70FD2D6BF0,
PPL_3F3452F8A9D1,
PPL_C0E3985F5660,
PPL_3C571A974782,
PPL_BB1C4FDF5DF5,
PPL_5EA841AB2C9D,
PPL_5DAAB175F6E0,
PPL_1023D7C52E04,
PPL_EA0CDEFFEA7C,
PPL_C94F0FF1EC57,
PPL_F388B8B68756,
PPL_69F4A407AC1F,
PPL_DD6F51201E47,
PPL_5D2E2FCD78EF,
PPL_3540D1330480,
PPL_A2D9087B4AA4,
PPL_5C86DCE00EFD,
PPL_C3BE8653D27B,
PPL_5BE48131ABC2,
PPL_7E5DC9096AFE,
PPL_C9C1E288A89B,
PPL_B916B10BAB92,
PPL_89AC2D66E7DA,
PPL_225F5039A3D4,
PPL_6BE9A75BFE0D,
PPL_43E75C106655,
PPL_4204E2901936,
PPL_1F8475622A30,
PPL_530B850972AB,
PPL_D863DED697A8,
PPL_330A23297330,
PPL_7D4DEDDE3CD2,
PPL_1163D46CF023,
PPL_5464CA1B139E,
